StudentID,Subject,ClassesHeld,ClassesAttended
1001,Data Science,30,20
1002,Data Science,40,33
1003,Data Science,36,34
1004,Data Science,30,21
1005,Data Science,30,27
1006,Data Science,32,21
1007,Data Science,36,20
1008,Data Science,30,31
1009,Data Science,30,27
1010,Data Science,30,27
1011,Data Science,36,34
1012,Data Science,30,34
1013,Data Science,30,18
1014,Data Science,32,25
1015,Data Science,32,25
1016,Data Science,36,25
1017,Data Science,40,33
1018,Data Science,40,44
1019,Data Science,36,29
1020,Data Science,36,33
1021,Data Science,40,22
1022,Data Science,32,23
1023,Data Science,36,41
1024,Data Science,30,15
1025,Data Science,36,30
1026,Data Science,30,29
1027,Data Science,30,28
1028,Data Science,40,34
1029,Data Science,36,33
1030,Data Science,32,22
1031,Data Science,30,20
1032,Data Science,30,16
1033,Data Science,40,35
1034,Data Science,32,21
1035,Data Science,40,38
1036,Data Science,40,29
1037,Data Science,40,38
1038,Data Science,30,17
1039,Data Science,30,17
1040,Data Science,36,24
1041,Data Science,32,16
1042,Data Science,40,30
1043,Data Science,32,37
1044,Data Science,30,25
1045,Data Science,30,18
1046,Data Science,32,18
1047,Data Science,36,28
1048,Data Science,30,25
1049,Data Science,40,39
1050,Data Science,32,33
