StudentID,Quiz1,Quiz2,Assignment,Midterm,Final,QuizTotal,TotalMarks,Percentage,Performance
1001,3.0,5.0,8,19,21,8.0,56.0,56.00000000000001,Needs Improvement
1002,2.0,3.159090909090909,6,29,32,5.159090909090909,72.1590909090909,72.1590909090909,Good
1003,2.0,2.0,6,16,43,4.0,69.0,69.0,Average
1004,2.0,4.0,8,14,27,6.0,55.0,55.00000000000001,Needs Improvement
1005,4.0,3.0,5,20,35,7.0,67.0,67.0,Average
1006,3.0,1.0,5,13,23,4.0,45.0,45.0,Needs Improvement
1007,2.0,4.0,10,24,33,6.0,73.0,73.0,Good
1008,2.0,4.0,9,30,21,6.0,66.0,66.0,Average
1009,4.0,1.0,8,14,50,5.0,77.0,77.0,Good
1010,2.0,4.0,9,14,35,6.0,64.0,64.0,Average
1011,2.8444444444444446,3.0,6,15,46,5.844444444444445,72.84444444444445,72.84444444444445,Good
1012,2.8444444444444446,5.0,9,15,23,7.844444444444445,54.84444444444445,54.84444444444445,Needs Improvement
1013,5.0,5.0,5,22,25,10.0,62.0,62.0,Average
1014,3.0,4.0,7,22,25,7.0,61.0,61.0,Average
1015,3.0,2.0,5,30,37,5.0,77.0,77.0,Good
1016,1.0,2.0,6,20,46,3.0,75.0,75.0,Good
1017,2.0,4.0,6,29,38,6.0,79.0,79.0,Good
1018,4.0,1.0,6,26,35,5.0,72.0,72.0,Good
1019,4.0,2.0,7,28,49,6.0,90.0,90.0,Excellent
1020,3.0,3.0,4,15,25,6.0,50.0,50.0,Needs Improvement
1021,5.0,5.0,6,20,25,10.0,61.0,61.0,Average
1022,2.0,4.0,9,29,40,6.0,84.0,84.0,Good
1023,1.0,3.159090909090909,7,26,46,4.159090909090909,83.1590909090909,83.1590909090909,Good
1024,1.0,1.0,7,16,28,2.0,53.0,53.0,Needs Improvement
1025,1.0,2.0,4,28,28,3.0,63.0,63.0,Average
1026,4.0,3.159090909090909,6,26,36,7.159090909090909,75.1590909090909,75.1590909090909,Good
1027,5.0,4.0,10,14,44,9.0,77.0,77.0,Good
1028,1.0,3.0,7,13,28,4.0,52.0,52.0,Needs Improvement
1029,3.0,2.0,4,16,45,5.0,70.0,70.0,Good
1030,1.0,4.0,9,20,36,5.0,70.0,70.0,Good
1031,5.0,4.0,9,14,41,9.0,73.0,73.0,Good
1032,1.0,5.0,6,12,39,6.0,63.0,63.0,Average
1033,2.8444444444444446,3.0,4,14,34,5.844444444444445,57.84444444444445,57.844444444444456,Needs Improvement
1034,1.0,1.0,9,17,36,2.0,64.0,64.0,Average
1035,4.0,5.0,5,19,50,9.0,83.0,83.0,Good
1036,5.0,1.0,10,17,32,6.0,65.0,65.0,Average
1037,4.0,1.0,6,20,49,5.0,80.0,80.0,Good
1038,2.0,4.0,6,25,44,6.0,81.0,81.0,Good
1039,5.0,3.159090909090909,9,16,25,8.15909090909091,58.15909090909091,58.15909090909091,Needs Improvement
1040,2.0,4.0,4,20,47,6.0,77.0,77.0,Good
1041,4.0,1.0,4,25,31,5.0,65.0,65.0,Average
1042,2.8444444444444446,4.0,9,13,25,6.844444444444445,53.84444444444445,53.84444444444445,Needs Improvement
1043,3.0,3.0,10,29,27,6.0,72.0,72.0,Good
1044,4.0,3.159090909090909,10,30,24,7.159090909090909,71.1590909090909,71.1590909090909,Good
1045,5.0,4.0,4,17,30,9.0,60.0,60.0,Average
1046,1.0,5.0,5,28,23,6.0,62.0,62.0,Average
1047,1.0,4.0,6,16,36,5.0,63.0,63.0,Average
1048,2.8444444444444446,5.0,8,29,50,7.844444444444445,94.84444444444445,94.84444444444445,Excellent
1049,1.0,1.0,10,24,49,2.0,85.0,85.0,Excellent
1050,5.0,3.159090909090909,9,16,49,8.15909090909091,82.1590909090909,82.1590909090909,Good
