StudentID,Quiz1,Quiz2,Assignment,Midterm,Final
1001,3.0,5.0,8,19,21
1002,2.0,,6,29,32
1003,2.0,2.0,6,16,43
1004,2.0,4.0,8,14,27
1005,4.0,3.0,5,20,35
1006,3.0,1.0,5,13,23
1007,2.0,4.0,10,24,33
1008,2.0,4.0,9,30,21
1009,4.0,1.0,8,14,50
1010,2.0,4.0,9,14,35
1011,,3.0,6,15,46
1012,,5.0,9,15,23
1013,5.0,5.0,5,22,25
1014,3.0,4.0,7,22,25
1015,3.0,2.0,5,30,37
1016,1.0,2.0,6,20,46
1017,2.0,4.0,6,29,38
1018,4.0,1.0,6,26,35
1019,4.0,2.0,7,28,49
1020,3.0,3.0,4,15,25
1021,5.0,5.0,6,20,25
1022,2.0,4.0,9,29,40
1023,1.0,,7,26,46
1024,1.0,1.0,7,16,28
1025,1.0,2.0,4,28,28
1026,4.0,,6,26,36
1027,5.0,4.0,10,14,44
1028,1.0,3.0,7,13,28
1029,3.0,2.0,4,16,45
1030,1.0,4.0,9,20,36
1031,5.0,4.0,9,14,41
1032,1.0,5.0,6,12,39
1033,,3.0,4,14,34
1034,1.0,1.0,9,17,36
1035,4.0,5.0,5,19,50
1036,5.0,1.0,10,17,32
1037,4.0,1.0,6,20,49
1038,2.0,4.0,6,25,44
1039,5.0,,9,16,25
1040,2.0,4.0,4,20,47
1041,4.0,1.0,4,25,31
1042,,4.0,9,13,25
1043,3.0,3.0,10,29,27
1044,4.0,,10,30,24
1045,5.0,4.0,4,17,30
1046,1.0,5.0,5,28,23
1047,1.0,4.0,6,16,36
1048,,5.0,8,29,50
1049,1.0,1.0,10,24,49
1050,5.0,,9,16,49
