StudentID,Name,Gender,Age,Department,Semester
1031,Sara,Female,22.0,SE,6
1003,Usman,Male,20.0,SE,5
1027,Junaid,Male,19.0,AI,6
1034,Nimra,Female,23.0,SE,6
1036,Kiran,Female,22.0,CS,6
1032,Mahnoor,Female,20.0,CS,6
1049,Salman,Male,19.0,SE,4
1042,Naveed,Male,23.0,AI,4
1033,Rabia,Female,22.0,CS,6
1020,Laiba,Female,21.0,SE,6
1048,Faisal,Male,20.0,SE,6
1037,Saba,Female,20.0,SE,5
1011,Ayesha,Female,22.0,CS,5
1004,Hamza,Male,23.0,SE,5
1041,Shahid,Male,23.0,CS,4
1046,Shoaib,Male,20.0,AI,4
1013,Sana,Female,21.0,SE,5
1025,Imran,Male,20.0,SE,6
1045,Haris,Male,22.0,SE,4
1043,Tariq,Male,21.0,CS,4
1022,Danish,Male,21.0,SE,4
1028,Waqas,Male,21.0,CS,6
1014,Hira,Female,21.0,AI,5
1023,Asad,Male,19.0,SE,6
1047,Umair,Male,22.0,CS,4
1035,Anum,Female,22.0,AI,6
1018,Zainab,Female,23.0,AI,6
1024,Fahad,Male,19.0,SE,6
1005,Bilal,Male,19.0,CS,5
1039,Areeba,Female,19.0,AI,6
1015,Maryam,Female,21.0,SE,5
1030,Rizwan,Male,23.0,SE,6
1029,Adnan,Male,21.0,SE,4
1050,Owais,Male,19.0,CS,6
1040,Mehwish,Female,21.0,CS,4
1019,Amna,Female,20.0,SE,4
1021,Omar,Male,22.0,SE,5
1026,Kashif,Male,21.0,AI,6
1007,Zain,Male,23.0,SE,4
1008,Hassan,Male,21.0,SE,4
1002,Ahmed,Male,21.0,SE,4
1017,Iqra,Female,23.0,SE,4
1001,Ali,Male,20.0,AI,5
1016,Noor,Female,21.0,SE,4
1006,Saad,Male,21.0,CS,5
1012,Fatima,Female,22.0,CS,4
1010,Talha,Male,21.0,CS,6
1009,Farhan,Male,23.0,SE,6
1044,Yasir,Male,21.0,CS,5
1038,Hina,Female,22.0,AI,6
